id,Title,Content,_wp_old_slug,project_type,_project_type,image_1,_image_1,image_2,_image_2,image_3,_image_3,image_4,_image_4,project_url,_project_url,_primary_term_category,litespeed_vpi_list,Categories,Tags,Clients,"Image URL","Image Filename","Image Path","Image ID","Image Title","Image Caption","Image Description","Image Alt Text","Image Featured","Attachment URL","Attachment Filename","Attachment Path","Attachment ID","Attachment Title","Attachment Caption","Attachment Description","Attachment Alt Text",Excerpt,Date,"Post Type",Permalink,Status,"Author ID","Author Username","Author Email","Author First Name","Author Last Name",Slug,Format,Template,Parent,"Parent Slug",Order,"Comment Status","Ping Status","Post Modified Date"
19,"Vinci's View Website","Lorem ipsum dolor",test-project|test-project|test-project|test-project|test-project,website|website|website|website|website,field_6066a779b22e8|field_6066a779b22e8|field_6066a779b22e8|field_6066a779b22e8|field_6066a779b22e8,363,field_606b68dec5162,362,field_606b690ec5163,364,field_606b6910c5164,366,field_606b6912c5165,https://www.vincisviewtt.com,field_606f249b98d23,,,Websites,"Custom Theme|E-Commerce|WordPress","Vinci's View",https://marcstampfli.com/wp-content/uploads/project-vincisview-website.jpg|https://marcstampfli.com/wp-content/uploads/project-vincisview-website2.jpg|https://marcstampfli.com/wp-content/uploads/project-vincisview-website3.jpg|https://marcstampfli.com/wp-content/uploads/project-vincisview-website4.jpg|https://marcstampfli.com/wp-content/uploads/project-vincisview-website5.jpg,project-vincisview-website.jpg|project-vincisview-website2.jpg|project-vincisview-website3.jpg|project-vincisview-website4.jpg|project-vincisview-website5.jpg,/home/marcfrit/public_html/wp-content/uploads/project-vincisview-website.jpg|/home/marcfrit/public_html/wp-content/uploads/project-vincisview-website2.jpg|/home/marcfrit/public_html/wp-content/uploads/project-vincisview-website3.jpg|/home/marcfrit/public_html/wp-content/uploads/project-vincisview-website4.jpg|/home/marcfrit/public_html/wp-content/uploads/project-vincisview-website5.jpg,361|362|363|364|366,project-vincisview-website|project-vincisview-website2|project-vincisview-website3|project-vincisview-website4|project-vincisview-website5,||||,||||,||||,https://marcstampfli.com/wp-content/uploads/project-vincisview-website.jpg,,,,,,,,,,2021-04-01,project,https://marcstampfli.com/?post_type=project&p=19,draft,1,marc,marcstampfli@gmail.com,Marc,Stampfli,vincis-view-website,,,0,0,2,closed,closed,2022-10-03
38,"Lagoona Villa Website",,,website|website|website|website|website,field_6066a779b22e8|field_6066a779b22e8|field_6066a779b22e8|field_6066a779b22e8|field_6066a779b22e8,379,field_606b68dec5162,380,field_606b690ec5163,382,field_606b6910c5164,,field_606b6912c5165,https://www.lagoonavilla.com/,field_606f249b98d23,,"a:1:{i:0;s:27:""project-lagoona-website.jpg"";}",Websites,WordPress,"Lagoona Villa",https://marcstampfli.com/wp-content/uploads/project-lagoona-website.jpg|https://marcstampfli.com/wp-content/uploads/project-lagoona-website2.jpg|https://marcstampfli.com/wp-content/uploads/project-lagoona-website3.jpg|https://marcstampfli.com/wp-content/uploads/project-lagoona-website4.jpg,project-lagoona-website.jpg|project-lagoona-website2.jpg|project-lagoona-website3.jpg|project-lagoona-website4.jpg,/home/marcfrit/public_html/wp-content/uploads/project-lagoona-website.jpg|/home/marcfrit/public_html/wp-content/uploads/project-lagoona-website2.jpg|/home/marcfrit/public_html/wp-content/uploads/project-lagoona-website3.jpg|/home/marcfrit/public_html/wp-content/uploads/project-lagoona-website4.jpg,378|379|380|382,project-lagoona-website|project-lagoona-website2|project-lagoona-website3|project-lagoona-website4,|||,|||,|||,https://marcstampfli.com/wp-content/uploads/project-lagoona-website.jpg,,,,,,,,,,2021-04-02,project,https://marcstampfli.com/project/lagoona-villa-website/,publish,1,marc,marcstampfli@gmail.com,Marc,Stampfli,lagoona-villa-website,,,0,0,20,closed,closed,2021-04-10
39,"Tobago Housing Resorts Website",,,website|website|website|website|website,field_6066a779b22e8|field_6066a779b22e8|field_6066a779b22e8|field_6066a779b22e8|field_6066a779b22e8,384,field_606b68dec5162,385,field_606b690ec5163,386,field_606b6910c5164,387,field_606b6912c5165,http://www.tobagohousingresorts.com/,field_606f249b98d23,,"a:1:{i:0;s:33:""project-tobagohousing-website.jpg"";}",Websites,"Modified Theme|WordPress","Tobago Housing Resorts",https://marcstampfli.com/wp-content/uploads/project-tobagohousing-website.jpg|https://marcstampfli.com/wp-content/uploads/project-tobagohousing-website2.jpg|https://marcstampfli.com/wp-content/uploads/project-tobagohousing-website3.jpg|https://marcstampfli.com/wp-content/uploads/project-tobagohousing-website4.jpg|https://marcstampfli.com/wp-content/uploads/project-tobagohousing-website5.jpg,project-tobagohousing-website.jpg|project-tobagohousing-website2.jpg|project-tobagohousing-website3.jpg|project-tobagohousing-website4.jpg|project-tobagohousing-website5.jpg,/home/marcfrit/public_html/wp-content/uploads/project-tobagohousing-website.jpg|/home/marcfrit/public_html/wp-content/uploads/project-tobagohousing-website2.jpg|/home/marcfrit/public_html/wp-content/uploads/project-tobagohousing-website3.jpg|/home/marcfrit/public_html/wp-content/uploads/project-tobagohousing-website4.jpg|/home/marcfrit/public_html/wp-content/uploads/project-tobagohousing-website5.jpg,383|384|385|386|387,project-tobagohousing-website|project-tobagohousing-website2|project-tobagohousing-website3|project-tobagohousing-website4|project-tobagohousing-website5,||||,||||,||||,https://marcstampfli.com/wp-content/uploads/project-tobagohousing-website.jpg,,,,,,,,,,2021-04-02,project,https://marcstampfli.com/project/tobago-housing-resorts-website/,publish,1,marc,marcstampfli@gmail.com,Marc,Stampfli,tobago-housing-resorts-website,,,0,0,23,closed,closed,2021-04-10
40,"Gypsea Soul Jewelry Website",,,website|website|website|website|website,field_6066a779b22e8|field_6066a779b22e8|field_6066a779b22e8|field_6066a779b22e8|field_6066a779b22e8,374,field_606b68dec5162,375,field_606b690ec5163,376,field_606b6910c5164,377,field_606b6912c5165,https://gypseasouljewelry.co/,field_606f249b98d23,,"a:1:{i:0;s:26:""project-gypsea-website.jpg"";}",Websites,"E-Commerce|Modified Theme|PayPal|WordPress","Gypsea Soul Jewelry",https://marcstampfli.com/wp-content/uploads/project-gypsea-website.jpg|https://marcstampfli.com/wp-content/uploads/project-gypsea-website2.jpg|https://marcstampfli.com/wp-content/uploads/project-gypsea-website3.jpg|https://marcstampfli.com/wp-content/uploads/project-gypsea-website4.jpg|https://marcstampfli.com/wp-content/uploads/project-gypsea-website5.jpg,project-gypsea-website.jpg|project-gypsea-website2.jpg|project-gypsea-website3.jpg|project-gypsea-website4.jpg|project-gypsea-website5.jpg,/home/marcfrit/public_html/wp-content/uploads/project-gypsea-website.jpg|/home/marcfrit/public_html/wp-content/uploads/project-gypsea-website2.jpg|/home/marcfrit/public_html/wp-content/uploads/project-gypsea-website3.jpg|/home/marcfrit/public_html/wp-content/uploads/project-gypsea-website4.jpg|/home/marcfrit/public_html/wp-content/uploads/project-gypsea-website5.jpg,373|374|375|376|377,project-gypsea-website|project-gypsea-website2|project-gypsea-website3|project-gypsea-website4|project-gypsea-website5,||||,||||,||||,https://marcstampfli.com/wp-content/uploads/project-gypsea-website.jpg,,,,,,,,,,2021-04-02,project,https://marcstampfli.com/project/gypsea-soul-jewelry-website/,publish,1,marc,marcstampfli@gmail.com,Marc,Stampfli,gypsea-soul-jewelry-website,,,0,0,18,closed,closed,2021-04-10
43,"Lagoona Villa Flyer","Lagoona Villa Flyer description",auto-draft|auto-draft|auto-draft|auto-draft|auto-draft,flyer|flyer|flyer|flyer|flyer,field_6066a779b22e8|field_6066a779b22e8|field_6066a779b22e8|field_6066a779b22e8|field_6066a779b22e8,,field_606b68dec5162,,field_606b690ec5163,,field_606b6910c5164,,field_606b6912c5165,,field_606f249b98d23,56,"a:1:{i:0;s:25:""project-lagoona-flyer.gif"";}",Flyers,Photoshop,"Lagoona Villa",https://marcstampfli.com/wp-content/uploads/project-lagoona-flyer.gif,project-lagoona-flyer.gif,/home/marcfrit/public_html/wp-content/uploads/project-lagoona-flyer.gif,421,project-lagoona-flyer,,,,https://marcstampfli.com/wp-content/uploads/project-lagoona-flyer.gif,,,,,,,,,,2021-04-02,project,https://marcstampfli.com/project/lagoona-villa-flyer/,publish,1,marc,marcstampfli@gmail.com,Marc,Stampfli,lagoona-villa-flyer,,,0,0,19,closed,closed,2021-04-10
64,"Johnny Rockets Bar Flyer",,,flyer|flyer|flyer|flyer|flyer,field_6066a779b22e8|field_6066a779b22e8|field_6066a779b22e8|field_6066a779b22e8|field_6066a779b22e8,,field_606b68dec5162,,field_606b690ec5163,,field_606b6910c5164,,field_606b6912c5165,,field_606f249b98d23,56,"a:1:{i:0;s:30:""project-johnnyrocket-flyer.gif"";}",Flyers,Photoshop,"Johnny Rockets Bar",https://marcstampfli.com/wp-content/uploads/project-johnnyrocket-flyer.gif,project-johnnyrocket-flyer.gif,/home/marcfrit/public_html/wp-content/uploads/project-johnnyrocket-flyer.gif,422,project-johnnyrocket-flyer,,,,https://marcstampfli.com/wp-content/uploads/project-johnnyrocket-flyer.gif,,,,,,,,,,2021-04-02,project,https://marcstampfli.com/project/johnny-rockets-bar-flyer/,publish,1,marc,marcstampfli@gmail.com,Marc,Stampfli,johnny-rockets-bar-flyer,,,0,0,21,closed,closed,2021-04-10
65,"Night Owlz TT Website",,,website|website|website|website|website,field_6066a779b22e8|field_6066a779b22e8|field_6066a779b22e8|field_6066a779b22e8|field_6066a779b22e8,260,field_606b68dec5162,,field_606b690ec5163,,field_606b6910c5164,,field_606b6912c5165,,field_606f249b98d23,,,Websites,"Custom Theme|E-Commerce|WordPress","Night Owlz TT",https://marcstampfli.com/wp-content/uploads/2021/04/project-night.jpg,project-night.jpg,/home/marcfrit/public_html/wp-content/uploads/2021/04/project-night.jpg,260,project-night,,,,https://marcstampfli.com/wp-content/uploads/2021/04/project-night.jpg,,,,,,,,,,2021-04-02,project,https://marcstampfli.com/?post_type=project&p=65,draft,1,marc,marcstampfli@gmail.com,Marc,Stampfli,night-owlz-tt-website,,,0,0,22,closed,closed,2021-04-10
66,"IOCL Website",,,website|website|website|website|website,field_6066a779b22e8|field_6066a779b22e8|field_6066a779b22e8|field_6066a779b22e8|field_6066a779b22e8,389,field_606b68dec5162,390,field_606b690ec5163,,field_606b6910c5164,,field_606b6912c5165,http://www.iocltt.com/,field_606f249b98d23,,"a:1:{i:0;s:24:""project-iocl-website.jpg"";}",Websites,"Web Development",IOCL,https://marcstampfli.com/wp-content/uploads/project-iocl-website.jpg|https://marcstampfli.com/wp-content/uploads/project-iocl-website2.jpg|https://marcstampfli.com/wp-content/uploads/project-iocl-website3.jpg,project-iocl-website.jpg|project-iocl-website2.jpg|project-iocl-website3.jpg,/home/marcfrit/public_html/wp-content/uploads/project-iocl-website.jpg|/home/marcfrit/public_html/wp-content/uploads/project-iocl-website2.jpg|/home/marcfrit/public_html/wp-content/uploads/project-iocl-website3.jpg,388|389|390,project-iocl-website|project-iocl-website2|project-iocl-website3,||,||,||,https://marcstampfli.com/wp-content/uploads/project-iocl-website.jpg,,,,,,,,,,2021-04-02,project,https://marcstampfli.com/project/iocl-website/,publish,1,marc,marcstampfli@gmail.com,Marc,Stampfli,iocl-website,,,0,0,24,closed,closed,2021-04-10
67,"LiPS Program Flyer",,,flyer|flyer|flyer|flyer|flyer,field_6066a779b22e8|field_6066a779b22e8|field_6066a779b22e8|field_6066a779b22e8|field_6066a779b22e8,,field_606b68dec5162,,field_606b690ec5163,,field_606b6910c5164,,field_606b6912c5165,,field_606f249b98d23,56,"a:1:{i:0;s:22:""project-lips-flyer.gif"";}",Flyers,Photoshop,"LiPS Program",https://marcstampfli.com/wp-content/uploads/project-lips-flyer.gif,project-lips-flyer.gif,/home/marcfrit/public_html/wp-content/uploads/project-lips-flyer.gif,423,project-lips-flyer,,,,https://marcstampfli.com/wp-content/uploads/project-lips-flyer.gif,,,,,,,,,,2021-04-02,project,https://marcstampfli.com/project/lips-program-flyer/,publish,1,marc,marcstampfli@gmail.com,Marc,Stampfli,lips-program-flyer,,,0,0,29,closed,closed,2021-04-10
68,"Addict Gang Website",,,website|website|website|website|website,field_6066a779b22e8|field_6066a779b22e8|field_6066a779b22e8|field_6066a779b22e8|field_6066a779b22e8,413,field_606b68dec5162,,field_606b690ec5163,,field_606b6910c5164,,field_606b6912c5165,,field_606f249b98d23,,"a:1:{i:0;s:30:""project-addcitgang-website.jpg"";}",Websites,"Web Design|Web Development","Addict Gang",https://marcstampfli.com/wp-content/uploads/project-addcitgang-website.jpg|https://marcstampfli.com/wp-content/uploads/project-addcitgang-website2.jpg,project-addcitgang-website.jpg|project-addcitgang-website2.jpg,/home/marcfrit/public_html/wp-content/uploads/project-addcitgang-website.jpg|/home/marcfrit/public_html/wp-content/uploads/project-addcitgang-website2.jpg,412|413,project-addcitgang-website|project-addcitgang-website2,|,|,|,https://marcstampfli.com/wp-content/uploads/project-addcitgang-website.jpg,,,,,,,,,,2021-04-02,project,https://marcstampfli.com/project/addict-gang-website/,publish,1,marc,marcstampfli@gmail.com,Marc,Stampfli,addict-gang-website,,,0,0,30,closed,closed,2021-04-10
70,"PAID Carwash Banner",,,banner|banner|banner|banner|banner,field_6066a779b22e8|field_6066a779b22e8|field_6066a779b22e8|field_6066a779b22e8|field_6066a779b22e8,,field_606b68dec5162,,field_606b690ec5163,,field_606b6910c5164,,field_606b6912c5165,,field_606f249b98d23,,"a:1:{i:0;s:23:""project-paidcarwash.jpg"";}",Banners,Illustrator,"PAID Carwash",https://marcstampfli.com/wp-content/uploads/2021/04/project-paidcarwash.jpg,project-paidcarwash.jpg,/home/marcfrit/public_html/wp-content/uploads/2021/04/project-paidcarwash.jpg,254,project-paidcarwash,,,,https://marcstampfli.com/wp-content/uploads/2021/04/project-paidcarwash.jpg,,,,,,,,,,2021-04-02,project,https://marcstampfli.com/project/paid-carwash-banner/,publish,1,marc,marcstampfli@gmail.com,Marc,Stampfli,paid-carwash-banner,,,0,0,28,closed,closed,2021-04-10
71,"Irie Bites Flyer",,,flyer|flyer|flyer|flyer|flyer,field_6066a779b22e8|field_6066a779b22e8|field_6066a779b22e8|field_6066a779b22e8|field_6066a779b22e8,425,field_606b68dec5162,,field_606b690ec5163,,field_606b6910c5164,,field_606b6912c5165,,field_606f249b98d23,56,"a:1:{i:0;s:27:""project-iriebites-flyer.gif"";}",Flyers,Photoshop,"Irie Bites",https://marcstampfli.com/wp-content/uploads/project-iriebites-flyer.gif|https://marcstampfli.com/wp-content/uploads/project-iriebites-flyer2.gif,project-iriebites-flyer.gif|project-iriebites-flyer2.gif,/home/marcfrit/public_html/wp-content/uploads/project-iriebites-flyer.gif|/home/marcfrit/public_html/wp-content/uploads/project-iriebites-flyer2.gif,424|425,project-iriebites-flyer|project-iriebites-flyer2,|,|,|,https://marcstampfli.com/wp-content/uploads/project-iriebites-flyer.gif,,,,,,,,,,2021-04-02,project,https://marcstampfli.com/project/irie-bites-flyer/,publish,1,marc,marcstampfli@gmail.com,Marc,Stampfli,irie-bites-flyer,,,0,0,31,closed,closed,2021-04-10
72,"Trini Revellers Website",,,website|website|website|website|website,field_6066a779b22e8|field_6066a779b22e8|field_6066a779b22e8|field_6066a779b22e8|field_6066a779b22e8,,field_606b68dec5162,,field_606b690ec5163,,field_606b6910c5164,,field_606b6912c5165,,field_606f249b98d23,,"a:1:{i:0;s:34:""project-trinirevellers-website.jpg"";}",Websites,"Web Development","Trini Revellers",https://marcstampfli.com/wp-content/uploads/project-trinirevellers-website.jpg,project-trinirevellers-website.jpg,/home/marcfrit/public_html/wp-content/uploads/project-trinirevellers-website.jpg,414,project-trinirevellers-website,,,,https://marcstampfli.com/wp-content/uploads/project-trinirevellers-website.jpg,,,,,,,,,,2021-04-02,project,https://marcstampfli.com/project/trini-revellers-website/,publish,1,marc,marcstampfli@gmail.com,Marc,Stampfli,trini-revellers-website,,,0,0,32,closed,closed,2021-04-10
73,"Nicholas Stämpfli Business Card",,,bizcard|bizcard|bizcard|bizcard|bizcard,field_6066a779b22e8|field_6066a779b22e8|field_6066a779b22e8|field_6066a779b22e8|field_6066a779b22e8,,field_606b68dec5162,,field_606b690ec5163,,field_606b6910c5164,,field_606b6912c5165,,field_606f249b98d23,,"a:1:{i:0;s:25:""project-nicholas-card.jpg"";}","Business Cards",Photoshop,"Nicholas Stämpfli",https://marcstampfli.com/wp-content/uploads/2021/04/project-nicholas-card.jpg,project-nicholas-card.jpg,/home/marcfrit/public_html/wp-content/uploads/2021/04/project-nicholas-card.jpg,248,project-nicholas-card,,,,https://marcstampfli.com/wp-content/uploads/2021/04/project-nicholas-card.jpg,,,,,,,,,,2021-04-02,project,https://marcstampfli.com/project/nicholas-stampfli-business-card/,publish,1,marc,marcstampfli@gmail.com,Marc,Stampfli,nicholas-stampfli-business-card,,,0,0,33,closed,closed,2021-04-10
74,"Marc Stampfli Business Card",,,bizcard|bizcard|bizcard|bizcard|bizcard,field_6066a779b22e8|field_6066a779b22e8|field_6066a779b22e8|field_6066a779b22e8|field_6066a779b22e8,,field_606b68dec5162,,field_606b690ec5163,,field_606b6910c5164,,field_606b6912c5165,,field_606f249b98d23,,"a:1:{i:0;s:21:""project-marc-card.jpg"";}","Business Cards",Photoshop,"Marc Stämpfli",https://marcstampfli.com/wp-content/uploads/2021/04/project-marc-card.jpg,project-marc-card.jpg,/home/marcfrit/public_html/wp-content/uploads/2021/04/project-marc-card.jpg,249,project-marc-card,,,,https://marcstampfli.com/wp-content/uploads/2021/04/project-marc-card.jpg,,,,,,,,,,2021-04-02,project,https://marcstampfli.com/project/marc-stampfli-business-card/,publish,1,marc,marcstampfli@gmail.com,Marc,Stampfli,marc-stampfli-business-card,,,0,0,34,closed,closed,2021-04-10
75,"Softbox Studios Website",,,website|website|website|website|website,field_6066a779b22e8|field_6066a779b22e8|field_6066a779b22e8|field_6066a779b22e8|field_6066a779b22e8,408,field_606b68dec5162,409,field_606b690ec5163,410,field_606b6910c5164,411,field_606b6912c5165,,field_606f249b98d23,,"a:1:{i:0;s:27:""project-softbox-website.jpg"";}",Websites,"Web Development","Softbox Studios",https://marcstampfli.com/wp-content/uploads/project-softbox-website.jpg|https://marcstampfli.com/wp-content/uploads/project-softbox-website2.jpg|https://marcstampfli.com/wp-content/uploads/project-softbox-website3.jpg|https://marcstampfli.com/wp-content/uploads/project-softbox-website4.jpg|https://marcstampfli.com/wp-content/uploads/project-softbox-website5.jpg,project-softbox-website.jpg|project-softbox-website2.jpg|project-softbox-website3.jpg|project-softbox-website4.jpg|project-softbox-website5.jpg,/home/marcfrit/public_html/wp-content/uploads/project-softbox-website.jpg|/home/marcfrit/public_html/wp-content/uploads/project-softbox-website2.jpg|/home/marcfrit/public_html/wp-content/uploads/project-softbox-website3.jpg|/home/marcfrit/public_html/wp-content/uploads/project-softbox-website4.jpg|/home/marcfrit/public_html/wp-content/uploads/project-softbox-website5.jpg,407|408|409|410|411,project-softbox-website|project-softbox-website2|project-softbox-website3|project-softbox-website4|project-softbox-website5,||||,||||,||||,https://marcstampfli.com/wp-content/uploads/project-softbox-website.jpg,,,,,,,,,,2021-04-02,project,https://marcstampfli.com/project/softbox-studios-website/,publish,1,marc,marcstampfli@gmail.com,Marc,Stampfli,softbox-studios-website,,,0,0,35,closed,closed,2021-04-10
76,"Gimmick Tees Logo",,test|test|test|test|test,logo|logo|logo|logo|logo,field_6066a779b22e8|field_6066a779b22e8|field_6066a779b22e8|field_6066a779b22e8|field_6066a779b22e8,,field_606b68dec5162,,field_606b690ec5163,,field_606b6910c5164,,field_606b6912c5165,,field_606f249b98d23,,"a:1:{i:0;s:14:""project-gt.jpg"";}",Logos,Photoshop,"Gimmick Tees",https://marcstampfli.com/wp-content/uploads/2021/04/project-gt.jpg,project-gt.jpg,/home/marcfrit/public_html/wp-content/uploads/2021/04/project-gt.jpg,256,project-gt,,,,https://marcstampfli.com/wp-content/uploads/2021/04/project-gt.jpg,,,,,,,,,,2021-04-02,project,https://marcstampfli.com/project/gimmick-tees-logo/,publish,1,marc,marcstampfli@gmail.com,Marc,Stampfli,gimmick-tees-logo,,,0,0,26,closed,closed,2021-04-10
108,"Pierre Guillaume Social Story",,,story|story|story|story|story,field_6066a779b22e8|field_6066a779b22e8|field_6066a779b22e8|field_6066a779b22e8|field_6066a779b22e8,,field_606b68dec5162,,field_606b690ec5163,,field_606b6910c5164,,field_606b6912c5165,,field_606f249b98d23,,,"Social Stories",Photoshop,"Pierre Guillaume",https://marcstampfli.com/wp-content/uploads/2021/04/project-pierre.jpg,project-pierre.jpg,/home/marcfrit/public_html/wp-content/uploads/2021/04/project-pierre.jpg,268,project-pierre,,,,https://marcstampfli.com/wp-content/uploads/2021/04/project-pierre.jpg,,,,,,,,,,2021-04-03,project,https://marcstampfli.com/?post_type=project&p=108,draft,1,marc,marcstampfli@gmail.com,Marc,Stampfli,pierre-guillaume-social-story,,,0,0,13,closed,closed,2022-10-03
110,"Ashton Menzies Social Story",,,story|story|story|story|story,field_6066a779b22e8|field_6066a779b22e8|field_6066a779b22e8|field_6066a779b22e8|field_6066a779b22e8,,field_606b68dec5162,,field_606b690ec5163,,field_606b6910c5164,,field_606b6912c5165,,field_606f249b98d23,,"a:1:{i:0;s:18:""project-ashton.jpg"";}","Social Stories",Photoshop,"Ashton Menzies",https://marcstampfli.com/wp-content/uploads/2021/04/project-ashton.jpg,project-ashton.jpg,/home/marcfrit/public_html/wp-content/uploads/2021/04/project-ashton.jpg,269,project-ashton,,,,https://marcstampfli.com/wp-content/uploads/2021/04/project-ashton.jpg,,,,,,,,,,2021-04-03,project,https://marcstampfli.com/project/ashton-menzies-social-story/,publish,1,marc,marcstampfli@gmail.com,Marc,Stampfli,ashton-menzies-social-story,,,0,0,12,closed,closed,2021-04-10
113,"Van's Vegan Delights Logo",,,logo|logo|logo|logo|logo,field_6066a779b22e8|field_6066a779b22e8|field_6066a779b22e8|field_6066a779b22e8|field_6066a779b22e8,,field_606b68dec5162,,field_606b690ec5163,,field_606b6910c5164,,field_606b6912c5165,,field_606f249b98d23,,,Logos,Photoshop,"Van's Vegan Delights",https://marcstampfli.com/wp-content/uploads/2021/04/project-vansvegan.jpg,project-vansvegan.jpg,/home/marcfrit/public_html/wp-content/uploads/2021/04/project-vansvegan.jpg,271,project-vansvegan,,,,https://marcstampfli.com/wp-content/uploads/2021/04/project-vansvegan.jpg,,,,,,,,,,2021-04-03,project,https://marcstampfli.com/?post_type=project&p=113,draft,1,marc,marcstampfli@gmail.com,Marc,Stampfli,vans-vegan-delights-logo,,,0,0,10,closed,closed,2022-10-03
115,"Van's Vegan Delights Social Story",,vans-vegan-delights-flyer|vans-vegan-delights-flyer|vans-vegan-delights-flyer|vans-vegan-delights-flyer|vans-vegan-delights-flyer,story|story|story|story|story,field_6066a779b22e8|field_6066a779b22e8|field_6066a779b22e8|field_6066a779b22e8|field_6066a779b22e8,,field_606b68dec5162,,field_606b690ec5163,,field_606b6910c5164,,field_606b6912c5165,,field_606f249b98d23,,,"Social Stories",Photoshop,"Van's Vegan Delights",https://marcstampfli.com/wp-content/uploads/2021/04/project-vans-flyer.jpg,project-vans-flyer.jpg,/home/marcfrit/public_html/wp-content/uploads/2021/04/project-vans-flyer.jpg,272,project-vans-flyer,,,,https://marcstampfli.com/wp-content/uploads/2021/04/project-vans-flyer.jpg,,,,,,,,,,2021-04-03,project,https://marcstampfli.com/?post_type=project&p=115,draft,1,marc,marcstampfli@gmail.com,Marc,Stampfli,vans-vegan-delights-social-story,,,0,0,9,closed,closed,2022-10-03
117,"Innovation TT Social Story",,innovation-tt-flyer|innovation-tt-flyer|innovation-tt-flyer|innovation-tt-flyer|innovation-tt-flyer,story|story|story|story|story,field_6066a779b22e8|field_6066a779b22e8|field_6066a779b22e8|field_6066a779b22e8|field_6066a779b22e8,,field_606b68dec5162,,field_606b690ec5163,,field_606b6910c5164,,field_606b6912c5165,,field_606f249b98d23,,"a:1:{i:0;s:28:""project-innovation-flyer.jpg"";}","Social Stories",Photoshop,"Innovation TT",https://marcstampfli.com/wp-content/uploads/2021/04/project-innovation-flyer.jpg,project-innovation-flyer.jpg,/home/marcfrit/public_html/wp-content/uploads/2021/04/project-innovation-flyer.jpg,267,project-innovation-flyer,,,,https://marcstampfli.com/wp-content/uploads/2021/04/project-innovation-flyer.jpg,,,,,,,,,,2021-04-03,project,https://marcstampfli.com/project/innovation-tt-social-story/,publish,1,marc,marcstampfli@gmail.com,Marc,Stampfli,innovation-tt-social-story,,,0,0,14,closed,closed,2021-04-10
119,"GameKas Logo",,,logo|logo|logo|logo|logo,field_6066a779b22e8|field_6066a779b22e8|field_6066a779b22e8|field_6066a779b22e8|field_6066a779b22e8,,field_606b68dec5162,,field_606b690ec5163,,field_606b6910c5164,,field_606b6912c5165,,field_606f249b98d23,,"a:1:{i:0;s:24:""project-gamekas-logo.jpg"";}",Logos,Photoshop,GameKas,https://marcstampfli.com/wp-content/uploads/2021/04/project-gamekas-logo.jpg,project-gamekas-logo.jpg,/home/marcfrit/public_html/wp-content/uploads/2021/04/project-gamekas-logo.jpg,257,project-gamekas-logo,,,,https://marcstampfli.com/wp-content/uploads/2021/04/project-gamekas-logo.jpg,,,,,,,,,,2021-04-03,project,https://marcstampfli.com/project/gamekas-logo/,publish,1,marc,marcstampfli@gmail.com,Marc,Stampfli,gamekas-logo,,,0,0,25,closed,closed,2021-04-10
121,"Vinci's View Business Card",,,bizcard|bizcard|bizcard|bizcard|bizcard,field_6066a779b22e8|field_6066a779b22e8|field_6066a779b22e8|field_6066a779b22e8|field_6066a779b22e8,278,field_606b68dec5162,,field_606b690ec5163,,field_606b6910c5164,,field_606b6912c5165,,field_606f249b98d23,,,"Business Cards",Photoshop,"Vinci's View",https://marcstampfli.com/wp-content/uploads/2021/04/project-vv-bizcard.jpg,project-vv-bizcard.jpg,/home/marcfrit/public_html/wp-content/uploads/2021/04/project-vv-bizcard.jpg,278,project-vv-bizcard,,,,https://marcstampfli.com/wp-content/uploads/2021/04/project-vv-bizcard.jpg,,,,,,,,,,2021-04-03,project,https://marcstampfli.com/?post_type=project&p=121,draft,1,marc,marcstampfli@gmail.com,Marc,Stampfli,vincis-view-business-card,,,0,0,3,closed,closed,2022-10-03
125,"Nicholas Stämpfli Social Story",,,story|story|story|story|story,field_6066a779b22e8|field_6066a779b22e8|field_6066a779b22e8|field_6066a779b22e8|field_6066a779b22e8,,field_606b68dec5162,,field_606b690ec5163,,field_606b6910c5164,,field_606b6912c5165,,field_606f249b98d23,,"a:1:{i:0;s:26:""project-nicholas-story.jpg"";}","Social Stories",Photoshop,"Nicholas Stämpfli",https://marcstampfli.com/wp-content/uploads/2021/04/project-nicholas-story.jpg,project-nicholas-story.jpg,/home/marcfrit/public_html/wp-content/uploads/2021/04/project-nicholas-story.jpg,270,project-nicholas-story,,,,https://marcstampfli.com/wp-content/uploads/2021/04/project-nicholas-story.jpg,,,,,,,,,,2021-04-03,project,https://marcstampfli.com/project/nicholas-stampfli-social-story/,publish,1,marc,marcstampfli@gmail.com,Marc,Stampfli,nicholas-stampfli-social-story,,,0,0,11,closed,closed,2021-04-10
127,"Irie Bites Digital Signage",,,signage|signage|signage|signage|signage,field_6066a779b22e8|field_6066a779b22e8|field_6066a779b22e8|field_6066a779b22e8|field_6066a779b22e8,,field_606b68dec5162,,field_606b690ec5163,,field_606b6910c5164,,field_606b6912c5165,,field_606f249b98d23,,"a:1:{i:0;s:36:""project-iriebites-digitalsignage.jpg"";}","Digital Signage",Photoshop,"Irie Bites",https://marcstampfli.com/wp-content/uploads/2021/04/project-iriebites-digitalsignage.jpg,project-iriebites-digitalsignage.jpg,/home/marcfrit/public_html/wp-content/uploads/2021/04/project-iriebites-digitalsignage.jpg,251,project-iriebites-digitalsignage,,,,https://marcstampfli.com/wp-content/uploads/2021/04/project-iriebites-digitalsignage.jpg,,,,,,,,,,2021-04-03,project,https://marcstampfli.com/project/irie-bites-digital-signage/,publish,1,marc,marcstampfli@gmail.com,Marc,Stampfli,irie-bites-digital-signage,,,0,0,27,closed,closed,2021-04-10
129,"ROMA Website",,,website|website|website|website|website,field_6066a779b22e8|field_6066a779b22e8|field_6066a779b22e8|field_6066a779b22e8|field_6066a779b22e8,264,field_606b68dec5162,,field_606b690ec5163,,field_606b6910c5164,,field_606b6912c5165,,field_606f249b98d23,49,,Websites,"Custom Theme|WordPress",ROMA,https://marcstampfli.com/wp-content/uploads/2021/04/project-roma-website.jpg,project-roma-website.jpg,/home/marcfrit/public_html/wp-content/uploads/2021/04/project-roma-website.jpg,264,project-roma-website,,,,https://marcstampfli.com/wp-content/uploads/2021/04/project-roma-website.jpg,,,,,,,,,,2021-04-03,project,https://marcstampfli.com/?post_type=project&p=129,draft,1,marc,marcstampfli@gmail.com,Marc,Stampfli,roma-website,,,0,0,17,closed,closed,2021-05-05
132,"Amazon Clone",,,web|web|web|web|web,field_6066a779b22e8|field_6066a779b22e8|field_6066a779b22e8|field_6066a779b22e8|field_6066a779b22e8,400,field_606b68dec5162,401,field_606b690ec5163,,field_606b6910c5164,,field_606b6912c5165,https://clone-666e1.web.app/,field_606f249b98d23,,"a:1:{i:0;s:24:""project-amazon-clone.jpg"";}","Web Apps",Firebase|React|Stripe,"Amazon Clone",https://marcstampfli.com/wp-content/uploads/project-amazon-clone.jpg|https://marcstampfli.com/wp-content/uploads/project-amazon-clone2.jpg|https://marcstampfli.com/wp-content/uploads/project-amazon-clone3.jpg,project-amazon-clone.jpg|project-amazon-clone2.jpg|project-amazon-clone3.jpg,/home/marcfrit/public_html/wp-content/uploads/project-amazon-clone.jpg|/home/marcfrit/public_html/wp-content/uploads/project-amazon-clone2.jpg|/home/marcfrit/public_html/wp-content/uploads/project-amazon-clone3.jpg,399|400|401,project-amazon-clone|project-amazon-clone2|project-amazon-clone3,||,||,||,https://marcstampfli.com/wp-content/uploads/project-amazon-clone.jpg,,,,,,,,,,2021-04-03,project,https://marcstampfli.com/project/amazon-clone/,publish,1,marc,marcstampfli@gmail.com,Marc,Stampfli,amazon-clone,,,0,0,8,closed,closed,2021-04-10
134,"Hulu Clone",,,web|web|web|web|web,field_6066a779b22e8|field_6066a779b22e8|field_6066a779b22e8|field_6066a779b22e8|field_6066a779b22e8,,field_606b68dec5162,,field_606b690ec5163,,field_606b6910c5164,,field_606b6912c5165,https://hulu-clone-d0922.web.app/,field_606f249b98d23,,"a:1:{i:0;s:22:""project-hulu-clone.jpg"";}","Web Apps",Firebase|React,"Hulu Clone",https://marcstampfli.com/wp-content/uploads/project-hulu-clone.jpg,project-hulu-clone.jpg,/home/marcfrit/public_html/wp-content/uploads/project-hulu-clone.jpg,398,project-hulu-clone,,,,https://marcstampfli.com/wp-content/uploads/project-hulu-clone.jpg,,,,,,,,,,2021-04-03,project,https://marcstampfli.com/project/hulu-clone/,publish,1,marc,marcstampfli@gmail.com,Marc,Stampfli,hulu-clone,,,0,0,7,closed,closed,2021-04-10
136,"Covid Tracker",,,web|web|web|web|web,field_6066a779b22e8|field_6066a779b22e8|field_6066a779b22e8|field_6066a779b22e8|field_6066a779b22e8,391,field_606b68dec5162,392,field_606b690ec5163,393,field_606b6910c5164,,field_606b6912c5165,https://covid-19-tracker-27c81.web.app/,field_606f249b98d23,,"a:1:{i:0;s:33:""project-covidtracker-website4.jpg"";}","Web Apps",API|React,"Covid Tracker",https://marcstampfli.com/wp-content/uploads/project-covidtracker-website4.jpg|https://marcstampfli.com/wp-content/uploads/project-covidtracker-website.jpg|https://marcstampfli.com/wp-content/uploads/project-covidtracker-website2.jpg|https://marcstampfli.com/wp-content/uploads/project-covidtracker-website3.jpg,project-covidtracker-website4.jpg|project-covidtracker-website.jpg|project-covidtracker-website2.jpg|project-covidtracker-website3.jpg,/home/marcfrit/public_html/wp-content/uploads/project-covidtracker-website4.jpg|/home/marcfrit/public_html/wp-content/uploads/project-covidtracker-website.jpg|/home/marcfrit/public_html/wp-content/uploads/project-covidtracker-website2.jpg|/home/marcfrit/public_html/wp-content/uploads/project-covidtracker-website3.jpg,394|391|392|393,project-covidtracker-website4|project-covidtracker-website|project-covidtracker-website2|project-covidtracker-website3,|||,|||,|||,https://marcstampfli.com/wp-content/uploads/project-covidtracker-website4.jpg,,,,,,,,,,2021-04-03,project,https://marcstampfli.com/project/covid-tracker/,publish,1,marc,marcstampfli@gmail.com,Marc,Stampfli,covid-tracker,,,0,0,5,closed,closed,2021-04-10
138,"Tinder Clone",,,web|web|web|web|web,field_6066a779b22e8|field_6066a779b22e8|field_6066a779b22e8|field_6066a779b22e8|field_6066a779b22e8,396,field_606b68dec5162,,field_606b690ec5163,,field_606b6910c5164,,field_606b6912c5165,https://tinder-clone-8baa7.web.app/,field_606f249b98d23,,"a:1:{i:0;s:24:""project-tinder-clone.jpg"";}","Web Apps",Firebase|React,"Tinder Clone",https://marcstampfli.com/wp-content/uploads/project-tinder-clone.jpg|https://marcstampfli.com/wp-content/uploads/project-tinder-clone2.jpg,project-tinder-clone.jpg|project-tinder-clone2.jpg,/home/marcfrit/public_html/wp-content/uploads/project-tinder-clone.jpg|/home/marcfrit/public_html/wp-content/uploads/project-tinder-clone2.jpg,395|396,project-tinder-clone|project-tinder-clone2,|,|,|,https://marcstampfli.com/wp-content/uploads/project-tinder-clone.jpg,,,,,,,,,,2021-04-03,project,https://marcstampfli.com/project/tinder-clone/,publish,1,marc,marcstampfli@gmail.com,Marc,Stampfli,tinder-clone,,,0,0,6,closed,closed,2021-04-10
164,"Craigslist Redesign",,,design|design|design|design|design,field_6066a779b22e8|field_6066a779b22e8|field_6066a779b22e8|field_6066a779b22e8|field_6066a779b22e8,417,field_606b68dec5162,,field_606b690ec5163,,field_606b6910c5164,,field_606b6912c5165,,field_606f249b98d23,52,"a:1:{i:0;s:25:""project-craigslist-ui.jpg"";}","UI Designs",Figma,Craigslist,https://marcstampfli.com/wp-content/uploads/project-craigslist-ui.jpg|https://marcstampfli.com/wp-content/uploads/project-craigslist-ui2.jpg,project-craigslist-ui.jpg|project-craigslist-ui2.jpg,/home/marcfrit/public_html/wp-content/uploads/project-craigslist-ui.jpg|/home/marcfrit/public_html/wp-content/uploads/project-craigslist-ui2.jpg,416|417,project-craigslist-ui|project-craigslist-ui2,|,|,|,https://marcstampfli.com/wp-content/uploads/project-craigslist-ui.jpg,,,,,,,,,,2021-04-05,project,https://marcstampfli.com/project/craigslist-redesign/,publish,1,marc,marcstampfli@gmail.com,Marc,Stampfli,craigslist-redesign,,,0,0,1,closed,closed,2021-04-10
166,"TriniStars Website",,,website|website|website|website|website,field_6066a779b22e8|field_6066a779b22e8|field_6066a779b22e8|field_6066a779b22e8|field_6066a779b22e8,368,field_606b68dec5162,369,field_606b690ec5163,,field_606b6910c5164,,field_606b6912c5165,http://trinistars.com/,field_606f249b98d23,,"a:1:{i:0;s:30:""project-trinistars-website.jpg"";}",Websites,"Modified Theme|WordPress",TriniStars,https://marcstampfli.com/wp-content/uploads/project-trinistars-website.jpg|https://marcstampfli.com/wp-content/uploads/project-trinistars-website2.jpg|https://marcstampfli.com/wp-content/uploads/project-trinistars-website3.jpg,project-trinistars-website.jpg|project-trinistars-website2.jpg|project-trinistars-website3.jpg,/home/marcfrit/public_html/wp-content/uploads/project-trinistars-website.jpg|/home/marcfrit/public_html/wp-content/uploads/project-trinistars-website2.jpg|/home/marcfrit/public_html/wp-content/uploads/project-trinistars-website3.jpg,367|368|369,project-trinistars-website|project-trinistars-website2|project-trinistars-website3,||,||,||,https://marcstampfli.com/wp-content/uploads/project-trinistars-website.jpg,,,,,,,,,,2021-04-05,project,https://marcstampfli.com/project/trinistars-website/,publish,1,marc,marcstampfli@gmail.com,Marc,Stampfli,trinistars-website,,,0,0,15,closed,closed,2021-04-10
168,"RL Photography Website",,,website|website|website|website|website,field_6066a779b22e8|field_6066a779b22e8|field_6066a779b22e8|field_6066a779b22e8|field_6066a779b22e8,371,field_606b68dec5162,372,field_606b690ec5163,,field_606b6910c5164,,field_606b6912c5165,http://rainierlangephotography.com/,field_606f249b98d23,,"a:1:{i:0;s:27:""project-rlphoto-website.jpg"";}",Websites,"Modified Theme|WordPress","RL Photography",https://marcstampfli.com/wp-content/uploads/project-rlphoto-website.jpg|https://marcstampfli.com/wp-content/uploads/2021/04/project-rl-photo.jpg|https://marcstampfli.com/wp-content/uploads/project-rlphoto-website2.jpg|https://marcstampfli.com/wp-content/uploads/project-rlphoto-website3.jpg,project-rlphoto-website.jpg|project-rl-photo.jpg|project-rlphoto-website2.jpg|project-rlphoto-website3.jpg,/home/marcfrit/public_html/wp-content/uploads/project-rlphoto-website.jpg|/home/marcfrit/public_html/wp-content/uploads/2021/04/project-rl-photo.jpg|/home/marcfrit/public_html/wp-content/uploads/project-rlphoto-website2.jpg|/home/marcfrit/public_html/wp-content/uploads/project-rlphoto-website3.jpg,370|265|371|372,project-rlphoto-website|project-rl-photo|project-rlphoto-website2|project-rlphoto-website3,|||,|||,|||,https://marcstampfli.com/wp-content/uploads/project-rlphoto-website.jpg,,,,,,,,,,2021-04-05,project,https://marcstampfli.com/project/rl-photography-website/,publish,1,marc,marcstampfli@gmail.com,Marc,Stampfli,rl-photography-website,,,0,0,16,closed,closed,2021-04-10
195,"Marc Stämpfli UI Design",,my-website|marc-stampfli-website|my-website|marc-stampfli-website|my-website|marc-stampfli-website|my-website|marc-stampfli-website|my-website|marc-stampfli-website,design|design|design|design|design,field_6066a779b22e8|field_6066a779b22e8|field_6066a779b22e8|field_6066a779b22e8|field_6066a779b22e8,,field_606b68dec5162,,field_606b690ec5163,,field_606b6910c5164,,field_606b6912c5165,,field_606f249b98d23,52,"a:1:{i:0;s:27:""project-marcstampfli-ui.jpg"";}","UI Designs",Figma,"Marc Stämpfli",https://marcstampfli.com/wp-content/uploads/project-marcstampfli-ui.jpg,project-marcstampfli-ui.jpg,/home/marcfrit/public_html/wp-content/uploads/project-marcstampfli-ui.jpg,415,project-marcstampfli-ui,,,,https://marcstampfli.com/wp-content/uploads/project-marcstampfli-ui.jpg,,,,,,,,,,2021-04-05,project,https://marcstampfli.com/project/marc-stampfli-ui-design/,publish,1,marc,marcstampfli@gmail.com,Marc,Stampfli,marc-stampfli-ui-design,,,0,0,0,closed,closed,2021-04-10
197,"Roma UI Design",,,design|design|design|design|design,field_6066a779b22e8|field_6066a779b22e8|field_6066a779b22e8|field_6066a779b22e8|field_6066a779b22e8,419,field_606b68dec5162,,field_606b690ec5163,,field_606b6910c5164,,field_606b6912c5165,,field_606f249b98d23,52,"a:1:{i:0;s:19:""project-roma-ui.jpg"";}","UI Designs",Figma,ROMA,https://marcstampfli.com/wp-content/uploads/project-roma-ui.jpg|https://marcstampfli.com/wp-content/uploads/project-roma-ui2.jpg,project-roma-ui.jpg|project-roma-ui2.jpg,/home/marcfrit/public_html/wp-content/uploads/project-roma-ui.jpg|/home/marcfrit/public_html/wp-content/uploads/project-roma-ui2.jpg,418|419,project-roma-ui|project-roma-ui2,|,|,|,https://marcstampfli.com/wp-content/uploads/project-roma-ui.jpg,,,,,,,,,,2021-04-05,project,https://marcstampfli.com/project/roma-ui-design/,publish,1,marc,marcstampfli@gmail.com,Marc,Stampfli,roma-ui-design,,,0,0,4,closed,closed,2021-04-10
402,"Marc Stämpfli Website",,,website,field_6066a779b22e8,404,field_606b68dec5162,405,field_606b690ec5163,406,field_606b6910c5164,,field_606b6912c5165,https://marcstampfli.com/,field_606f249b98d23,49,"a:1:{i:0;s:32:""project-marcstampfli-website.jpg"";}",Websites,"Custom Theme|Sass|WordPress","Marc Stämpfli",https://marcstampfli.com/wp-content/uploads/project-marcstampfli-website.jpg|https://marcstampfli.com/wp-content/uploads/project-marcstampfli-website2.jpg|https://marcstampfli.com/wp-content/uploads/project-marcstampfli-website3.jpg|https://marcstampfli.com/wp-content/uploads/project-marcstampfli-website4.jpg,project-marcstampfli-website.jpg|project-marcstampfli-website2.jpg|project-marcstampfli-website3.jpg|project-marcstampfli-website4.jpg,/home/marcfrit/public_html/wp-content/uploads/project-marcstampfli-website.jpg|/home/marcfrit/public_html/wp-content/uploads/project-marcstampfli-website2.jpg|/home/marcfrit/public_html/wp-content/uploads/project-marcstampfli-website3.jpg|/home/marcfrit/public_html/wp-content/uploads/project-marcstampfli-website4.jpg,403|404|405|406,project-marcstampfli-website|project-marcstampfli-website2|project-marcstampfli-website3|project-marcstampfli-website4,|||,|||,|||,https://marcstampfli.com/wp-content/uploads/project-marcstampfli-website.jpg,,,,,,,,,,2021-04-10,project,https://marcstampfli.com/project/marc-stampfli-website/,publish,1,marc,marcstampfli@gmail.com,Marc,Stampfli,marc-stampfli-website,,,0,0,0,closed,closed,2021-05-05
665,"Breezy Brands Website",,,website,field_6066a779b22e8,667,field_606b68dec5162,668,field_606b690ec5163,,field_606b6910c5164,,field_606b6912c5165,https://breezybrands.com,field_606f249b98d23,49,"a:1:{i:0;s:24:""project-breezybrands.jpg"";}",Websites,"Custom Theme|WordPress","Breezy Brands",https://marcstampfli.com/wp-content/uploads/project-breezybrands.jpg|https://marcstampfli.com/wp-content/uploads/project-breezybrands2.jpg|https://marcstampfli.com/wp-content/uploads/project-breezybrands3.jpg,project-breezybrands.jpg|project-breezybrands2.jpg|project-breezybrands3.jpg,/home/marcfrit/public_html/wp-content/uploads/project-breezybrands.jpg|/home/marcfrit/public_html/wp-content/uploads/project-breezybrands2.jpg|/home/marcfrit/public_html/wp-content/uploads/project-breezybrands3.jpg,666|667|668,project-breezybrands|project-breezybrands2|project-breezybrands3,||,||,||,https://marcstampfli.com/wp-content/uploads/project-breezybrands.jpg,,,,,,,,,,2021-07-09,project,https://marcstampfli.com/project/breezy-brands-website/,publish,1,marc,marcstampfli@gmail.com,Marc,Stampfli,breezy-brands-website,,,0,0,0,closed,closed,2021-07-09
669,"Breezy Brands UI Design",,,design,field_6066a779b22e8,667,field_606b68dec5162,668,field_606b690ec5163,,field_606b6910c5164,,field_606b6912c5165,,field_606f249b98d23,52,"a:1:{i:0;s:24:""project-breezybrands.jpg"";}","UI Designs","Adobe XD","Breezy Brands",https://marcstampfli.com/wp-content/uploads/project-breezybrands.jpg,project-breezybrands.jpg,/home/marcfrit/public_html/wp-content/uploads/project-breezybrands.jpg,666,project-breezybrands,,,,https://marcstampfli.com/wp-content/uploads/project-breezybrands.jpg,,,,,,,,,,2021-07-09,project,https://marcstampfli.com/project/breezy-brands-ui-design/,publish,1,marc,marcstampfli@gmail.com,Marc,Stampfli,breezy-brands-ui-design,,,0,0,0,closed,closed,2021-07-09
